Parent Company,Subreddit Display Name,Submission ID,Comment IDs
Apple,apple,1bfef6w,"kuzvbo1,kuzvgqc"
Apple,apple,1bfl0u3,"kv1hf5c,kv14qee"
Apple,apple,1bfl84a,"kv1ejpm,kv1krfn"
Apple,apple,1bfgqny,"kv1w974,kv1c8at"
Apple,apple,1bfvuhc,"kv39j37,kv3k0e9"
Apple,AppleWatch,1bfdx08,"kv04x6a,kv0hvpk"
Apple,AppleWatch,1bfjr20,"kv1760i,kv0xk39"
Apple,AppleWatch,1bfd1qk,"kuzga4p,kuzfxu8"
Apple,AppleWatch,1bfnjyd,"kv1q84f,kv1x41z"
Apple,AppleWatch,1bft5km,"kv2rdgs,kv2rjeg"
Apple,AppleMusic,1bf7znv,"kuyjl0s,kv0k8pb"
Apple,AppleMusic,1bf7ask,"kuyrf4m,kuyflvg"
Apple,AppleMusic,1bfvjwk,"kv3eghw,kv3id9d"
Apple,AppleMusic,1bfisi7,"kv0ml4j,kv0n28c"
Apple,AppleMusic,1bfptkp,"kv24vvk,kv2izd9"
Apple,iphone,1bf8u62,"kuyoqtp,kuypye6"
Apple,iphone,1bfljkv,"kv18aqk,kv1dutm"
Apple,iphone,1bft8rs,"kv2qoj1,kv3bj59"
Apple,iphone,1bfor7u,"kv2busj,kv1uzkp"
Apple,iphone,1bfndz3,"kv1mshq,kv1y1ft"
Apple,appletv,1bfg08o,"kv0gv9t,kv0313g"
Apple,appletv,1bffsjz,"kv0089a,kv17kl8"
Apple,appletv,1bfum3m,"kv36240,kv3t8tg"
Apple,appletv,1bffe8y,"kv1zkt2,kv2hxds"
Apple,appletv,1bfcbow,"kuzb7hf,kuzdn11"
Apple,technology,1bfemgu,"kv05ifj,kuzva4f"
Apple,technology,1bfiyxn,"kv0stqu,kv0tkvo"
Apple,technology,1bfn3xx,"kv1orjt,kv21coh"
Apple,technology,1bfngy4,"kv1vzha,kv2jssc"
Apple,technology,1bfbi4t,"kuze62y,kuzahwr"
Apple,ipad,1bfderr,"kuztwyj,kuzha1s"
Apple,ipad,1bf70ua,"kuydws7,kuyectu"
Apple,ipad,1bfqo1f,"kv3lv7d,kv2hfnr"
Apple,ipad,1bfbopf,"kuz546k,kuzo70n"
Apple,ipad,1bfg9uq,"kv062rj,kv04vrg"
Apple,AppleArcade,1bfd2rt,"kuzjyp8,kv03ccz"
Apple,AppleArcade,1bfodq9,kv4an7t
Apple,AppleArcade,1bfdfej,"kv1eug7,kv2yt2j"
Apple,applehelp,1bfm953,"kv1khpv,kv1mco6"
Apple,applehelp,1bfvsd4,"kv3j0gd,kv3t3p5"
Apple,applehelp,1bfq7om,"kv2ezet,kv2e05g"
Apple,applehelp,1bfkl6f,"kv143ie,kv1hyfa"
Apple,applehelp,1bfke9z,kv3nqq0
Apple,mac,1bf96zz,"kuz1nrq,kuznb3i"
Apple,mac,1bf9cl7,"kuzvv0p,kv0fjqz"
Apple,mac,1bfov0i,"kv26v79,kv2yzga"
Apple,mac,1bfkhhg,"kv1otse,kv2zbiy"
Apple,mac,1bf9noz,"kv2cvu1,kv30w6z"
Apple,jailbreak,1bfesml,"kuzsjpt,kuzy9xy"
Apple,jailbreak,1bfh0tz,"kv0nj5q,kv2limp"
Apple,jailbreak,1bfkrog,"kv167op,kv1a43e"
Apple,jailbreak,1bfmn26,"kv21pft,kv1gpki"
Apple,jailbreak,1bffhii,"kuzz68h,kv0dlre"
Apple,applesucks,1bf8rew,"kuyogek,kuzdfds"
Apple,applesucks,1bfkfrs,"kv15954,kv360e7"
Apple,applesucks,1bfn8bh,"kv2ayn9,kv32lya"
Apple,applesucks,1bfaqdx,"kuz4d9q,kuzdtpc"
Apple,appleswap,1bfdwsh,"kuzkdo8,kuzkdpj"
Apple,appleswap,1bfn9y3,kv1xbpq
Apple,appleswap,1bfmoop,kxl3prm
Apple,appleswap,1bfjy71,"kv0ugrv,kv0ugtg"
Apple,appleswap,1bfj035,"kv0na96,kv0naan"
Apple,VisionPro,1bfowoc,"kv1zvz5,kv1xjtv"
Apple,VisionPro,1bfj1gv,"kv0ybwo,kv1735z"
Apple,VisionPro,1bfa3fc,"kuyy32z,kv3ypsw"
Apple,VisionPro,1bfjb5t,"kv0vohd,kv0prvq"
Apple,VisionPro,1bfinyn,"kv0tvy2,kv15qsc"
Apple,ios,1bft5j6,"kv2p92s,kv2uhwm"
Apple,ios,1bfen5j,"kv1gkoq,kv4h6gn"
Apple,ios,1bfma76,"kv3bs9j,kv1ewif"
Apple,ios,1bfrv2q,"kv4vznk,kv3724e"
Apple,ios,1bfo0g5,"kv1wtw4,kv330cd"
Apple,tvPlus,1bfgh3r,"kv0e3jp,kv0yave"
Apple,tvPlus,1bfkbnb,"kv283dc,kv2a82e"
Apple,tvPlus,1bfroiz,"kv2ez5a,kv2fm9t"
Apple,tvPlus,1bfdf4k,"kuzjdxr,kv02ukd"
Apple,macbook,1bf75t9,"kuyg13d,kuyjfaq"
Apple,macbook,1bfv1dn,"kv3cstm,kv43ejf"
Apple,macbook,1bfjx1k,"kv0wb4y,kv2ixpc"
Apple,macbook,1bfhib2,"kv0cc3h,kv1jjl2"
Apple,macbook,1bfvvwl,"kv4aras,kv3c7g7"
Apple,AppleFitnessPlus,1bfcfxb,"kuzlrfg,kv04yyh"
Apple,AppleFitnessPlus,1bf7umg,"kuz1krs,kuypwys"
Apple,AppleFitnessPlus,1bfhpg9,"kv0fzgm,kv0g6il"
Apple,AppleFitnessPlus,1bfx6ee,"kv3ibjc,kv3mhyu"
Apple,AppleFitnessPlus,1bfd0wu,"kuzgehj,kuze85l"
Apple,AppleTVPlus,1262qcn,je77za1
Apple,applestocks,1bewh1u,kvnf1ws
Apple,AppleBandMarket,1bfrjvl,"kv2dr26,kvc0a28"
Apple,AppleBandMarket,1bfr935,"kv2blvp,ky4ff8v"
Apple,ApplePhotos,1bfpzw9,"kv2ywdm,kv522cj"
Apple,ApplePhotos,1bfuf40,"kv3agpk,kv4n2gu"
Apple,InvasionAppleTV,1beumlt,"kuvzhd6,kuw0jbs"
Apple,ApplePlaylists,1bflnrb,
Apple,ApplePlaylists,1bfi5m5,
Apple,apple_jp,1bf5y9t,
Apple,CallsApple,ubqyv0,i65uu3y
Microsoft,microsoft,1bffl0o,"kv30buh,kv179ju"
Microsoft,microsoft,1bft9ap,"kv2rmmh,kv2qcw1"
Microsoft,microsoft,1bfisv5,"kv28vl8,kv2wl4p"
Microsoft,microsoft,1bfbr6s,kuz75zj
Microsoft,microsoft,1bf9ioi,
Microsoft,MicrosoftRewards,1bfap8x,"kuz0xgz,kuz3hre"
Microsoft,MicrosoftRewards,1bfpplf,"kv22jni,kv26fsb"
Microsoft,MicrosoftRewards,1bf88q8,"kuyqd4z,kuyne60"
Microsoft,MicrosoftRewards,1bfjh28,kv1gwvj
Microsoft,MicrosoftRewards,1bfaipr,"kv0hetb,kv0i9k6"
Microsoft,MicrosoftTeams,1bfcjce,"kuzd8oz,kv065oi"
Microsoft,MicrosoftTeams,1bfgw1s,"kv0jvj0,kv0jr1u"
Microsoft,MicrosoftTeams,1bfd1eu,"kuzo0jt,kv13ahk"
Microsoft,MicrosoftTeams,1bfhyik,"kv0owme,kv14efb"
Microsoft,MicrosoftTeams,1bfdxbz,"kuzvxrb,kv04rbi"
Microsoft,xboxone,1bfj0lj,"kv0oybg,kv167ak"
Microsoft,xboxone,1bfin4u,kwjsp04
Microsoft,xboxone,1bffdgx,"kv01b0p,kuzx2iu"
Microsoft,xboxone,1bfvs4b,
Microsoft,xboxone,1bfloot,"kv1ro1l,kv17zum"
Microsoft,technology,1bfemgu,"kv05ifj,kuzva4f"
Microsoft,technology,1bfiyxn,"kv0stqu,kv0tkvo"
Microsoft,technology,1bfn3xx,"kv1orjt,kv21coh"
Microsoft,technology,1bfngy4,"kv1vzha,kv2jssc"
Microsoft,technology,1bfbi4t,"kuze62y,kuzahwr"
Microsoft,MicrosoftEdge,1bf6j1f,kuyml21
Microsoft,MicrosoftEdge,1bfblvn,"kuz5y42,kv1fzc7"
Microsoft,MicrosoftEdge,1bfkks5,"kv40r8u,kv11e8d"
Microsoft,MicrosoftEdge,1bfb1al,
Microsoft,MicrosoftEdge,1bfy708,"kv3oth0,kv449qk"
Microsoft,MicrosoftFlightSim,1bfdl71,"kuzu4jv,kv06v90"
Microsoft,MicrosoftFlightSim,1bfcta7,"kuzcuds,kuze1bu"
Microsoft,MicrosoftFlightSim,1bfknji,"kv11xgm,kv15eqi"
Microsoft,MicrosoftFlightSim,1bf93s5,"kuzkly8,kuzvn14"
Microsoft,MicrosoftFlightSim,1bfb69b,"kuz3dnb,kuz41yh"
Microsoft,Windows10,1bfif2i,"kv0uf3e,kv35pvm"
Microsoft,Windows10,1bfttix,"kv2w4gn,kv2zvht"
Microsoft,Windows10,1bfxrx2,"kv3qmoq,kv40qok"
Microsoft,Windows10,1bfrat1,"kv2wrle,kv2z0od"
Microsoft,Windows10,1bfczji,"kv448w4,kv1t4xb"
Microsoft,MicrosoftWord,1bfh9mf,"kv0bwp5,kv5gzrk"
Microsoft,MicrosoftWord,1bf9i9j,"kuz0e5o,kuyu6hl"
Microsoft,MicrosoftWord,1bfndvo,"kv1q11u,kv2aond"
Microsoft,MicrosoftWord,1bfknpa,kv58obd
Microsoft,MicrosoftWord,1bfjy2x,
Microsoft,Office365,1bfin4o,"kv2jw6r,kv4elud"
Microsoft,Office365,1bfelcq,"kv0vezc,kv22dxr"
Microsoft,Office365,1bfauni,
Microsoft,Office365,1bfe0yk,"kuzuz77,kv10pom"
Microsoft,Office365,1bfmwgc,
Microsoft,windows,1bfmzpk,"kv2iff3,kv28kdw"
Microsoft,windows,1bffxcj,"kv19wgd,kv0xeqa"
Microsoft,windows,1bfewma,"kuzux5v,kuzwphn"
Microsoft,windows,1bfr87q,"kv33no3,kv4f8qv"
Microsoft,windows,1bfdtyq,"kuzmayz,kuzmhct"
Microsoft,Windows11,1bfg9n4,"kv06lzl,kv0ljfb"
Microsoft,Windows11,1bfg2yu,kv00zxo
Microsoft,Windows11,1bfv1t1,"kv3vshx,kv58njx"
Microsoft,Windows11,1bfsmxt,"kv2o02r,kv2s9bu"
Microsoft,Windows11,1bfmhjh,kv2zisz
Microsoft,windowsphone,1bfjtoj,"kv1ts0n,kv26xf2"
Microsoft,windowsphone,1bf93sl,"kuyvp78,kv096y3"
Microsoft,windowsphone,1bfwhnk,"kv3upai,kv3z9xt"
Microsoft,windowsphone,1bfmft7,
Microsoft,windowsphone,1bfo619,"kv1ucae,kv1whtf"
Microsoft,MicrosoftPlanner,1bes9gu,"kuwloak,kuwy3o3"
Microsoft,Surface,1bflefr,"kv1mcm7,kv1ohq7"
Microsoft,Surface,1bfichp,"kv0nz1h,kv0kp2v"
Microsoft,Surface,1bfun5c,"kv3303y,kv3ctvo"
Microsoft,Surface,1bfensl,"kuzxjv3,kv0p75j"
Microsoft,Surface,1bfr21t,"kv2e1h1,kv2t9p8"
Microsoft,MicrosoftLists,1bddcnn,kv2p8vr
Microsoft,bing,1bfgjyl,"kv11pml,kv5qly2"
Microsoft,bing,1bfpvbh,"kv27na9,kv24a28"
Microsoft,bing,1bffi31,kuzxr86
Microsoft,bing,1bfloig,"kv49srt,kvi59am"
Microsoft,bing,1bfm99s,"kv3uhtx,kv1ebxp"
Microsoft,pcmasterrace,1bf7e8r,"kuzmrgg,kuyo14h"
Microsoft,pcmasterrace,1bfk7ic,"kv33gms,kv100tp"
Microsoft,pcmasterrace,1bf83t6,"kv33faf,kuyq3do"
Microsoft,pcmasterrace,1bf71qn,"kuye425,kuydryv"
Microsoft,pcmasterrace,1bfli3z,"kv19d2f,kv1gvgz"
Microsoft,MSAccess,1bfpczn,"kv2olo8,kv3jr1d"
Microsoft,MSAccess,1bfnpnt,"kv1mipi,kv26chi"
Microsoft,MSAccess,1bfl166,"kv12lcb,kv2yasq"
Microsoft,MSAccess,1bfpyb5,"kv22oyp,kv2ep7f"
Microsoft,xbox,1bfkxux,"kv1270u,kv12gk2"
Microsoft,xbox,1bfmhy0,"kv1mwor,kv1i4l0"
Microsoft,xbox,1bfj0z9,"kv0uqmy,kv0r401"
Microsoft,xbox,1bfi3qt,"kv0ip0o,kv0r9vn"
Microsoft,xbox,1bfaq0w,"kuz66tg,kuzu6pi"
Microsoft,microsoft365,1bfau6r,
Microsoft,microsoft365,1bffddt,kv9bkvh
Microsoft,microsoft365,1bfb4tk,
Microsoft,AZURE,1bfc1gp,kv0sscd
Microsoft,AZURE,1bfoq1o,"kv1wmua,kv1y11g"
Microsoft,AZURE,1bfij1y,"kv0s424,kv0qemc"
Microsoft,AZURE,1bfebpc,"kv3qi5y,kv4nbcc"
Microsoft,AZURE,1bfdwtl,"kuztdwr,kvqe2uy"
Microsoft,pcgaming,1bffqyx,"kv03ape,kv0dk50"
Microsoft,pcgaming,1bfim9k,"kv20ph4,kv0n46t"
Microsoft,pcgaming,1bfqoj9,"kv28urd,kv2cjz9"
Microsoft,pcgaming,1bfc7nu,"kuz9pyk,kuzyi9e"
Microsoft,pcgaming,1bfjy1j,"kv16537,kv1be6l"
Microsoft,exchangeserver,1bfgz98,"kv12rxx,kv2v4lv"
Microsoft,exchangeserver,1bfefxv,"kuzwo4t,kuzuqy7"
Microsoft,exchangeserver,1bfmuwf,"kv2yafz,kv3vt3o"
Microsoft,exchangeserver,1bfgsi0,"kv0p18e,kv2b4e2"
Microsoft,exchangeserver,1bfbjvp,"kuz758n,kuzmeq5"
Microsoft,linux,1bfmshw,"kv1ipmw,kv1tmk3"
Microsoft,linux,1bfpz4y,"kv231lq,kv2467c"
Microsoft,linux,1bfi6oz,"kv0r4ks,kv0uopk"
Microsoft,linux,1bfhxj8,"kv125cz,kv18im7"
Microsoft,linux,1bf792t,"kuyn7nb,kv1as4m"
Microsoft,softwaregore,1bfwjte,"kv3okz2,kv44fmq"
Microsoft,softwaregore,1bfwky0,"kv3ldxw,kv3fley"
Microsoft,softwaregore,1bfy4k6,"kv3nfcf,kv3r85w"
Microsoft,MicrosoftBand,1bfpqqx,kv4hh1h
Microsoft,MVIS,1bfbssg,"kuz5vtd,kuz9axb"
Microsoft,MVIS,1bff1k7,"kuzxvtz,kv0l1op"
Microsoft,MVIS,1bff0bz,"kv001pl,kuzvq2h"
Microsoft,MVIS,1bfca2t,"kv0gmly,kv0g3gk"
Microsoft,MVIS,1bfgozu,"kv5reof,kv2d316"
Microsoft,MicrosoftExcel,1bfdd2p,"kv43of3,kv449kn"
Microsoft,MicrosoftAccess,1bfa6tc,"kuywgd4,kv0t6mw"
Microsoft,FuckMicrosoft,1baxg5w,ku8m6t6
Microsoft,microsoftoffice,1bfmqf1,
Microsoft,microsoftoffice,1bfb5eg,
Microsoft,MicrosoftOutlook,1bb11rg,
Microsoft,MicrosoftIgnite,183lh0n,
Microsoft,MicrosoftStore,1b862o2,"ktn0rpz,ktsbx9d"
Microsoft,xbox360,1bf8y3s,"kuyofst,kuywu9x"
Microsoft,xbox360,1bf6zqv,"kuycmuy,kuyhrni"
Microsoft,xbox360,1bfgmph,"kv051dy,kv05tmf"
Microsoft,xbox360,1bfczqv,"kuzdv0i,kuzwi8g"
Microsoft,xbox360,1bf9pit,"kuysypp,kuyvet4"
Microsoft,linuxmasterrace,1bfd78w,"kuziwbc,kuzhnbg"
Microsoft,linuxmasterrace,1bfdbtr,"kuzide8,kuzivij"
Microsoft,MicrosoftBand2,dzjyl8,
Microsoft,MicrosoftYammer,1b35zy1,kszhzod
Microsoft,MicrosoftWhiteboard,n4mpzd,
Alphabet,waze,1bfq0th,
Alphabet,waze,1bfocju,"kv2n931,kv3u49r"
Alphabet,AndroidAuto,1bfkmm9,"kv13n5r,kv1bwgu"
Alphabet,AndroidAuto,1bfv94t,"kv4zfkc,kv69hld"
Alphabet,AndroidAuto,1bfv8ph,
Alphabet,Android,1bfotvk,"kv26be2,kv270tp"
Alphabet,Android,1bfib4e,"kv1obte,kv1avfh"
Alphabet,Android,1bfsff8,"kv2q399,kv2w55c"
Alphabet,Android,1bfoqmj,"kv25gn4,kv2ecv5"
Alphabet,jailbreak,1bfesml,"kuzsjpt,kuzy9xy"
Alphabet,jailbreak,1bfh0tz,"kv0nj5q,kv2limp"
Alphabet,jailbreak,1bfkrog,"kv167op,kv1a43e"
Alphabet,jailbreak,1bfmn26,"kv21pft,kv1gpki"
Alphabet,jailbreak,1bffhii,"kuzz68h,kv0dlre"
Alphabet,technology,1bfemgu,"kv05ifj,kuzva4f"
Alphabet,technology,1bfiyxn,"kv0stqu,kv0tkvo"
Alphabet,technology,1bfn3xx,"kv1orjt,kv21coh"
Alphabet,technology,1bfngy4,"kv1vzha,kv2jssc"
Alphabet,technology,1bfbi4t,"kuze62y,kuzahwr"
Alphabet,windowsphone,1bfjtoj,"kv1ts0n,kv26xf2"
Alphabet,windowsphone,1bf93sl,"kuyvp78,kv096y3"
Alphabet,windowsphone,1bfwhnk,"kv3upai,kv3z9xt"
Alphabet,windowsphone,1bfmft7,
Alphabet,windowsphone,1bfo619,"kv1ucae,kv1whtf"
Alphabet,softwaregore,1bfwjte,"kv3okz2,kv44fmq"
Alphabet,softwaregore,1bfwky0,"kv3ldxw,kv3fley"
Alphabet,softwaregore,1bfy4k6,"kv3nfcf,kv3r85w"
Alphabet,apple,1bfef6w,"kuzvbo1,kuzvgqc"
Alphabet,apple,1bfl0u3,"kv1hf5c,kv14qee"
Alphabet,apple,1bfl84a,"kv1ejpm,kv1krfn"
Alphabet,apple,1bfgqny,"kv1w974,kv1c8at"
Alphabet,apple,1bfvuhc,"kv39j37,kv3k0e9"
Alphabet,google,1bfu8lv,kv4fxgo
Alphabet,shortcuts,1bfoeu5,"kvhy4i4,kvkvfa2"
Alphabet,shortcuts,1bfenyd,"kuzxza7,kv0dj5u"
Alphabet,shortcuts,1bf91pu,"kuz53sf,kv3cq64"
Alphabet,shortcuts,1bfvpm5,"kv3j9m8,kv47zg5"
Alphabet,shortcuts,1bfkdkc,"kv12gzs,kv12ooc"
Alphabet,tasker,1bffuvi,"kv0ikio,kv07hbj"
Alphabet,tasker,1bfdlz8,kv0uynu
Alphabet,tasker,1bfasfd,"kuz396x,kuz5phh"
Alphabet,tasker,1bfujwy,"kv42e2j,kv6m5tc"
Alphabet,tasker,1bfsmnx,"kv2qilj,kv2rust"
Alphabet,GooglePixel,1bfix0z,"kv0t7nr,kv0xd8q"
Alphabet,GooglePixel,1bftd5o,"kv3079g,kv30r9t"
Alphabet,GooglePixel,1bfa1hs,"kuyyhsq,kuz016w"
Alphabet,GooglePixel,1bfskl0,"kv2l5hf,kv60x6t"
Alphabet,GooglePixel,1bfor93,"kv21szu,kv230la"
Alphabet,GoogleMaps,1bf9r6n,"kuzx95c,kv41yzj"
Alphabet,GoogleMaps,1bfp9tl,kv2fke8
Alphabet,GoogleMaps,1bfnmaz,"kv2e5e8,kvt6arq"
Alphabet,GoogleMaps,1bf6ufz,"kv01j0t,kyh6bpp"
Alphabet,GoogleMaps,1bfigq9,kv0kivf
Alphabet,AndroidQuestions,1bfe23j,"kuzvh2f,kv0msqy"
Alphabet,AndroidQuestions,1bfvr3g,"kv36v2f,kv3hwrh"
Alphabet,AndroidQuestions,1bfp9ii,"kv29tiz,kv3r6lw"
Alphabet,AndroidQuestions,1bfnbl5,"kv1qzb6,kv1wcra"
Alphabet,AndroidQuestions,1bfx36s,"kv3ii1i,kv3ghpz"
Amazon,amazon,1bfmz7t,kvzblzv
Amazon,amazon,1bfelxq,kuzwdya
Amazon,amazon,1bfv056,
Amazon,amazon,1bfb9kv,
Amazon,bapcsalescanada,1bf6aef,"kuy92h9,kuzikn5"
Amazon,bapcsalescanada,1bfdc1b,kuzw0co
Amazon,bapcsalescanada,1bf96uv,"kv0yes6,kv19cvl"
Amazon,bapcsalescanada,1bfv75g,"kv33q45,kv8x0xz"
Amazon,bapcsalescanada,1bfq99c,"kv2d5xx,kv26kuo"
Amazon,amazonprime,1bf77xn,"kuyffyr,kuyjhdn"
Amazon,amazonprime,1bfdlc9,"kuzjlx9,kuzjdvb"
Amazon,amazonprime,1bfohdt,"kv1x9pi,kv2dz6s"
Amazon,amazonprime,1bfrqh8,"kv2j1q8,kv3388i"
Amazon,amazonprime,1bfn7ti,"kv1p739,kv1q5fd"
Amazon,AmazonSeller,1bf83uz,"kuyjco0,kuyjzo5"
Amazon,AmazonSeller,1bfu4ez,"kv2vg57,kv336sy"
Amazon,AmazonSeller,1bfgyws,kv07nxz
Amazon,AmazonSeller,1bf9ya9,"kuyufmr,kv3xa0p"
Amazon,AmazonSeller,1bfr7tr,"kv2bbk0,kv7kmic"
Amazon,Random_Acts_Of_Amazon,1bfkeju,"kv0yazc,kv10jyb"
Amazon,Random_Acts_Of_Amazon,1bfmonx,"kv1kflx,kv1f7ew"
Amazon,Random_Acts_Of_Amazon,1bfe35x,"kuzlrna,kv00cmx"
Amazon,Random_Acts_Of_Amazon,1bfl7nt,"kv26ado,kv140w2"
Amazon,Random_Acts_Of_Amazon,1bfe41l,"kuzlxz5,kv13tiw"
Amazon,technology,1bfemgu,"kv05ifj,kuzva4f"
Amazon,technology,1bfiyxn,"kv0stqu,kv0tkvo"
Amazon,technology,1bfn3xx,"kv1orjt,kv21coh"
Amazon,technology,1bfngy4,"kv1vzha,kv2jssc"
Amazon,technology,1bfbi4t,"kuze62y,kuzahwr"
Amazon,AmazonUnder5,1bejaqe,
Amazon,AmazonPrimeVideo,1bf75ac,"kuyuug6,kuyom73"
Amazon,AmazonPrimeVideo,1bfpbyz,"kv20qjj,kv29c5p"
Amazon,AmazonPrimeVideo,1bfn69p,"kv5zg95,kvjyiy4"
Amazon,AmazonPrimeVideo,1bfeqxo,kv3lrql
Amazon,AmazonPrimeVideo,1bf91zl,"kuyxw4p,kuyybqw"
Amazon,NintendoSwitchDeals,1bfiagj,"kv0hzc2,kv1dan3"
Amazon,NintendoSwitchDeals,1bfi8a6,"kv0hf04,kv1l0te"
Amazon,AmazonFreebies,1ayoo6m,
Amazon,AmazonPrimeDeals,1bfya7b,
Amazon,AmazonPrimeDeals,1bftx6z,
Amazon,AmazonPrimeDeals,1bfrl9d,
Amazon,AmazonPrimeDeals,1bfq5r9,
Amazon,AmazonPrimeDeals,1bfomix,
Amazon,aws,1bf7bd8,"kuygro3,kuyjtd6"
Amazon,aws,1bf9gkb,"kuywljs,kuzdpkr"
Amazon,aws,1bfls42,"kv188cx,kv1c7q1"
Amazon,aws,1bflrzt,"kv1b5tf,kv1char"
Amazon,aws,1bfhp9p,"kv0d9ag,kv0zcf3"
Amazon,BestOfAmazonPrime,160pwh2,
Amazon,amazonecho,1bfrqbf,"kv2rc3f,kv2una2"
Amazon,amazonecho,1bfwnsq,
Amazon,amazonecho,1bfs2k0,"kv4deb9,kwj8rhw"
Amazon,amazonecho,1bf7l98,
Amazon,kindle,1bfkvn3,"kv17uk3,kv1jnk7"
Amazon,kindle,1bff30v,"kuzu9qc,kuzv1lm"
Amazon,kindle,1bf8u3r,"kuyudsd,kuzthts"
Amazon,kindle,1bf92st,"kuzvlud,kv2v53h"
Amazon,kindle,1bfgqqk,"kv080a9,kv0e7wx"
Amazon,cordcutters,1bfiyah,"kv1bdou,kv17jkq"
Amazon,cordcutters,1bf9hbp,"kuzpiec,kv04t21"
Amazon,cordcutters,1bfttko,"kv3b281,kv2uorb"
Amazon,cordcutters,1bfnnrj,"kv1tfkl,kv24n9t"
Amazon,cordcutters,1bf8ljc,"kv0agrf,kv0pozu"
Amazon,AmazonMusic,1bftskx,"kv4log2,kv5sdvw"
Amazon,AmazonMusic,1bftcwj,
Amazon,AmazonMusic,1bfovze,
Amazon,AmazonWFShoppers,1bdy43e,
Amazon,NintendoSwitch,1bffzim,"kv00bqd,kv12uzy"
Amazon,NintendoSwitch,1bfh0xr,"kv09i5y,kv0b6j5"
Amazon,NintendoSwitch,1bfirel,"kv0liqz,kv0pvsd"
Amazon,NintendoSwitch,1bfjcrs,"kv0pykh,kv0vn61"
Amazon,NintendoSwitch,1bfmp9r,"kv1py0s,kv1q411"
Amazon,alexa,1bf7nem,"kuz6e6l,kuymghs"
Amazon,alexa,1bfs9xk,kv2uszt
Amazon,alexa,1bfs2zl,"kv3x8z6,kv2sgsu"
Amazon,alexa,1bfp744,"kv21h3h,kv223c7"
Amazon,alexa,1bfl7o7,"kv14xio,kv2jwts"
Nvidia,nvidia,1bfhk9h,"kv0dmjj,kv0gum9"
Nvidia,nvidia,1bff5me,"kv1atk1,kv09g8w"
Nvidia,nvidia,1bfbgb5,"kuz5xoo,kuz7l06"
Nvidia,nvidia,1bfs6de,"kv2w1qe,kv2mns8"
Nvidia,nvidia,1bf89nv,"kuyljbj,kuyoggq"
Nvidia,hardware,1bffc5k,"kv08ne1,kv0ie1o"
Nvidia,hardware,1bfmawn,"kv1u1ap,kv49qd2"
Nvidia,hardware,1bf7i12,"kuyr8l3,kuz55je"
Nvidia,hardware,1bfbq2i,"kuzi0ul,kuzleav"
Nvidia,hardware,1bfhs2n,"kv0imq2,kv0x5g3"
Nvidia,ShieldAndroidTV,1bfg4i0,"kv1wshg,kv0j1r3"
Nvidia,ShieldAndroidTV,1bfpu67,"kv30eka,kv4a6eh"
Nvidia,ShieldAndroidTV,1bfgudn,"kv0701j,kv0etxs"
Nvidia,ShieldAndroidTV,1bfjrb2,"kv1p3ip,kv1vw41"
Nvidia,GeForceNOW,1bf8xbi,"kuyoaw5,kuysziu"
Nvidia,GeForceNOW,1bf754h,"kuydimz,kuyetib"
Nvidia,GeForceNOW,1bfl74u,"kv13tcz,kv14p8o"
Nvidia,GeForceNOW,1bfdaaw,"kuzfyf1,kuzhny0"
Nvidia,GeForceNOW,1bf977w,"kuypya0,kv0uq3k"
Nvidia,LaptopDeals,1bfomnq,"kv3lmam,kv5evrr"
Nvidia,LaptopDeals,1bffwr0,"kv1lm2w,kv3ppca"
Nvidia,LaptopDeals,1bfd6e3,kvmdcci
Nvidia,LaptopDeals,1bfoji4,
Nvidia,LaptopDeals,1bfmq8v,
Nvidia,AyyMD,1bfcgz6,"kuzafut,kuznc97"
Nvidia,AyyMD,1bfwllt,"kv3tyij,kv488l6"
Nvidia,technology,1bfemgu,"kv05ifj,kuzva4f"
Nvidia,technology,1bfiyxn,"kv0stqu,kv0tkvo"
Nvidia,technology,1bfn3xx,"kv1orjt,kv21coh"
Nvidia,technology,1bfngy4,"kv1vzha,kv2jssc"
Nvidia,technology,1bfbi4t,"kuze62y,kuzahwr"
Nvidia,techsupport,1bfsqfi,"kv7m61w,kv2skm6"
Nvidia,techsupport,1bfetp4,"kuzrrao,kuztf3u"
Nvidia,techsupport,1bfhuqw,"kv0h87g,kv0i40a"
Nvidia,techsupport,1bfnjbt,kv1xqae
Nvidia,techsupport,1bfmrrl,"kv1flvs,kv1ixb0"
Nvidia,hackintosh,1bfkrjb,"kv179kq,kv17p4l"
Nvidia,hackintosh,1bfi4fw,"kv0ginu,kv15avk"
Nvidia,hackintosh,1bfp9vq,"kv1xy0d,kv2yj3i"
Nvidia,hackintosh,1bf9mua,"kuytd63,kuz2csz"
Nvidia,hackintosh,1bfq3qv,"kv2c2g0,kvaxbcl"
Nvidia,GamingLaptops,1bfq4yh,"kv25f96,kv26frw"
Nvidia,GamingLaptops,1bfc08y,"kuze26p,kuzbx22"
Nvidia,GamingLaptops,1bf9qi1,"kuywqna,kuyyagk"
Nvidia,GamingLaptops,1bfbki7,"kuz5bm7,kuz9l4g"
Nvidia,GamingLaptops,1bfmv2u,"kv1gtt2,kv1hoks"
Nvidia,linux4noobs,1bfq01g,"kv24otq,kv28os3"
Nvidia,linux4noobs,1bfoum4,"kv1wolc,kv1w23t"
Nvidia,linux4noobs,1bflcro,"kv1l9ba,kv19mal"
Nvidia,linux4noobs,1bfctnh,"kv1p8yu,kv26gah"
Nvidia,linux4noobs,1bfceif,"kuzaffj,kuzbh6p"
Nvidia,bapcsalescanada,1bf6aef,"kuy92h9,kuzikn5"
Nvidia,bapcsalescanada,1bfdc1b,kuzw0co
Nvidia,bapcsalescanada,1bf96uv,"kv0yes6,kv19cvl"
Nvidia,bapcsalescanada,1bfv75g,"kv33q45,kv8x0xz"
Nvidia,bapcsalescanada,1bfq99c,"kv2d5xx,kv26kuo"
Nvidia,gpumining,1bfo2jp,"kv309fw,kv65uq1"
Nvidia,gpumining,1bfe1xu,"kuzvpss,kv12ybe"
Nvidia,gpumining,1bfvq2k,"kv3ekxk,kv46n22"
Nvidia,gpumining,1bfg4ez,"kw4h6hw,kw1vzuh"
Nvidia,gpumining,1bfe6y3,"kuzoimc,kv06a4g"
Nvidia,gsync,1b183cp,
Nvidia,kde,1bf7ych,"kuyigbh,kuz13ec"
Nvidia,kde,1bfe5nt,"kuzmcxx,kuzmr5y"
Nvidia,kde,1bfbz6k,"kuz6yh6,kuzgt4u"
Nvidia,kde,1bf8o6x,"kuymtls,kuyqf35"
Nvidia,kde,1bfxqan,"kv3jeaw,kv3lgs3"
Nvidia,linuxmint,1bfen0w,"kuzsa06,kv2qqee"
Nvidia,linuxmint,1bfkpgo,kv17b4u
Nvidia,linuxmint,1bfdogj,"kv3yoav,kuzxucw"
Nvidia,linuxmint,1bfmkqc,"kv1e62f,kv1fpcc"
Nvidia,linuxmint,1bfu00p,"kv2wu0n,kv316ba"
Nvidia,dogemining,1bdq45f,"kve0bhk,kwqsftv"
Nvidia,dogemining,1bdq2dw,kuqf4xd
Nvidia,pcgamingtechsupport,1bfnbqq,"kv45lnt,kv1jni8"
Nvidia,pcgamingtechsupport,1bf6mnd,"kuyaehz,kuygiqn"
Nvidia,pcgamingtechsupport,1bfvoqy,"kv3dgjr,kv36bup"
Nvidia,pcgamingtechsupport,1bftwm8,kv2twf5
Nvidia,pcgamingtechsupport,1bftdp0,kv2q9db
Nvidia,htpc,1bff979,"kv1dqtk,kv01gja"
Nvidia,htpc,1bf775z,
Nvidia,gigabyte,1bftw9o,"kv2w080,kv2w4lk"
Nvidia,gigabyte,1bfd66t,kv0aycj
Nvidia,gigabyte,1bfuk8x,kv3v2k3
Nvidia,gigabyte,1bft440,kv9bryc
Nvidia,gigabyte,1bfoiln,"kv24yst,kv38d3x"
Nvidia,MSILaptops,1bfxkse,"kv3nblz,kv3rphp"
Nvidia,MSILaptops,1bfcd8d,"kuzozrk,kv3f06x"
Nvidia,MSILaptops,1bfy513,"kv452zd,kv4a6id"
Nvidia,MSILaptops,1bfy0c9,"kv42nsm,kv456uh"
Nvidia,MSILaptops,1bfvxod,"kv48tgt,kv4dmaz"
Tesla,TeslaModel3,1bfdvhx,"kuznmxq,kuztzur"
Tesla,TeslaModel3,1bfps5z,"kv23f4x,kv26ky5"
Tesla,TeslaModel3,1bfsj1a,"kv2m8qz,kv2mse7"
Tesla,TeslaModel3,1bfiyq2,"kv3eh3k,kv2zi9q"
Tesla,TeslaModel3,1bfewo4,"kuztomj,kv0ap6u"
Tesla,RealTesla,1bfknl9,"kv17gcu,kv1ilai"
Tesla,RealTesla,1bforvs,"kv1wf05,kv1znak"
Tesla,RealTesla,1bfl67d,"kv13tff,kv294w8"
Tesla,RealTesla,1bfad1h,"kuz0kuf,kuzrfvu"
Tesla,TeslaModelY,1bfekyc,"kuzr17j,kuzrfak"
Tesla,TeslaModelY,1bfp6c8,"kv23cbh,kv1zurx"
Tesla,TeslaModelY,1bff9aj,"kuzvumf,kuzwio0"
Tesla,TeslaModelY,1bfh4vd,"kv0h2kl,kv1r14x"
Tesla,TeslaModelY,1bfl2tl,"kv18u96,kv1gds7"
Tesla,teslainvestorsclub,1bffia9,"kuzx1p0,kv008pf"
Tesla,teslainvestorsclub,1bfkve8,"kv16jk1,kv1qcfl"
Tesla,teslainvestorsclub,1bfh5bn,"kv0rlp2,kv0si71"
Tesla,teslainvestorsclub,1bfmcgd,"kv1ejf0,kv1lxrv"
Tesla,teslainvestorsclub,1bfm48t,"kv1fgdi,kv1n0h5"
Tesla,EnoughMuskSpam,1bfcfp5,"kuzawxd,kuzdobb"
Tesla,EnoughMuskSpam,1bfq5kr,"kv280c9,kv2od4j"
Tesla,EnoughMuskSpam,1bfhhhm,"kv0d3ez,kv0e9og"
Tesla,EnoughMuskSpam,1bfohyi,"kv1w4ha,kv1v81y"
Tesla,EnoughMuskSpam,1bff0hq,"kv00f9k,kv022pm"
Tesla,TeslaCam,1bbs7h9,"kubk4lf,kubbai6"
Tesla,TeslaSolar,1bfivir,"kv2nlq3,kv33tp4"
Tesla,TeslaSolar,1bfj7uc,"kv0t87h,kv10uu7"
Tesla,TeslaSolar,1bfoccd,"kv1t2ru,kvhb8z6"
Tesla,TeslaSolar,1bfu15g,"kv34z8l,kv36b57"
Tesla,TeslaSolar,1bff867,"kv1qlju,kvh6pys"
Tesla,electricvehicles,1bfiv0d,"kv0s7tx,kv10bzv"
Tesla,electricvehicles,1bfd801,"kuzi0pk,kuzm3ff"
Tesla,electricvehicles,1bfanov,"kuzjkoz,kuzncn3"
Tesla,electricvehicles,1bfbtr4,"kuz8rwo,kuzxalu"
Tesla,electricvehicles,1bfg24l,"kv0nlj8,kv0r0hl"
Tesla,TeslaModelX,1bffk65,"kuzxn3x,kv4s3ig"
Tesla,TeslaModelX,1bfj3nv,"kv1yyai,kv3f7fd"
Tesla,TeslaModelX,1bfi6xv,"kv0lmyg,kv0pa0w"
Tesla,elonmusk,1bfu1pt,"kv3a281,kv34el9"
Tesla,elonmusk,1bfeycg,"kv0rx56,kuzwjgv"
Tesla,TeslaModelS,1bfq9zu,"kv2hfqc,kv31lbv"
Tesla,TeslaModelS,1bfp8gb,
Tesla,TSLA,1bfx45z,"kv4mve9,kv3i3al"
Tesla,TSLA,1bfk2fp,"kv1mc1w,kv1vldv"
Tesla,TSLA,1bfvfhm,"kv3tfv1,kv39qql"
Tesla,TSLA,1bfnav2,"kv289m3,kv1mcty"
Tesla,ModelY,1bfeadt,"kuzv8in,kv01mbm"
Tesla,ModelY,1bfrved,"kv2j9h3,kv2xski"
Tesla,ModelY,1bfwv2o,"kv5l0qf,kv4596z"
Tesla,ModelY,1bfv9hr,"kv35xny,kv3gjfa"
Tesla,ModelY,1bfvnjt,"kv38nw7,kv395lz"
Tesla,TeslaLightShow,1bdo2zt,"kunn8rr,kunwa8c"
Tesla,TeslaSemi,1beku55,
Tesla,TeslaModel3Delivery,14qsco5,"jqopcg4,jqppzh4"
Tesla,TeslaAutonomy,1b5s49x,"kt7i5s0,kt89vgp"
Tesla,Tesla_Motors,1b2idkc,ksn6bx4
Tesla,TeslaSafe,r4ksof,"hmhq8o8,hmksljt"
Tesla,TeslaFSD,1b5kihg,"kxhqreh,kt7vk49"
Tesla,TeslaModel3SRDelivery,10t7vj0,"j75qsdr,jd3eaj7"
Tesla,TeslaSpeed,148bb42,
Tesla,TeslaCharts,18vbkcy,
Meta,OculusQuest,1bfe1nm,"kuztgmp,kv07m3g"
Meta,OculusQuest,1bfky6c,"kv11z3w,kv1aiog"
Meta,OculusQuest,1bfao2q,"kuyynnc,kuyzrfw"
Meta,OculusQuest,1bffeu2,"kv0m06d,kv0cql5"
Meta,OculusQuest,1bfhe07,"kv0hitw,kv0q5yz"
Meta,pcmasterrace,1bf7e8r,"kuzmrgg,kuyo14h"
Meta,pcmasterrace,1bfk7ic,"kv33gms,kv100tp"
Meta,pcmasterrace,1bf83t6,"kv33faf,kuyq3do"
Meta,pcmasterrace,1bf71qn,"kuye425,kuydryv"
Meta,pcmasterrace,1bfli3z,"kv19d2f,kv1gvgz"
Meta,hardwareswap,1bfoz2r,"kv1yr9m,kv1zkd9"
Meta,hardwareswap,1bflki4,"kv16pyq,kv1845q"
Meta,hardwareswap,1bfr24g,kv2aalp
Meta,hardwareswap,1bfbxjq,"kuz6ofy,kuzdtff"
Meta,hardwareswap,1bftq05,"kv2sop5,kv2szlh"
Meta,VRchat,1bfltjv,"kv1h1xv,kv1km3x"
Meta,VRchat,1bfed10,"kuzroi3,kuzu2qz"
Meta,VRchat,1bfa731,"kuz08uk,kv1e8jh"
Meta,VRchat,1bfndxe,"kv1o4w7,kv1uarl"
Meta,VRchat,1bfhsoc,"kv2q0y0,kv1enbg"
Meta,technology,1bfemgu,"kv05ifj,kuzva4f"
Meta,technology,1bfiyxn,"kv0stqu,kv0tkvo"
Meta,technology,1bfn3xx,"kv1orjt,kv21coh"
Meta,technology,1bfngy4,"kv1vzha,kv2jssc"
Meta,technology,1bfbi4t,"kuze62y,kuzahwr"
Meta,OnwardVR,1bfphqx,"kv3nomx,kv3tkg7"
Meta,OnwardVR,1bfmyxi,"kv1m16e,kv36ikq"
